"","average_distances"
"1",194.742715795453
"2",194.742715795453
"3",221.548663503505
"4",219.097301264075
"5",219.097301264075
"6",225.326544439881
"7",222.056670228444
"8",287.632477355287
"9",287.632477355287
"10",265.791205515754
"11",255.521191235358
"12",290.315058629885
"13",290.315058629885
"14",264.816587014065
"15",228.099179860819
"16",224.545629299854
"17",156.507697634867
"18",167.562891801605
"19",167.562891801605
"20",155.983486474632
"21",167.842990480279
"22",174.421406550772
"23",145.435107645597
"24",137.767771371355
"25",137.767771371355
"26",153.627546691499
"27",285.120889604974
"28",264.321710712873
"29",243.079187956738
"30",243.079187956738
"31",233.167213654845
"32",236.614205033049
"33",239.674161011111
"34",249.88235458469
"35",265.142158232023
"36",254.896566716478
"37",254.896566716478
"38",249.551578275031
"39",249.551578275031
"40",192.386305557233
"41",211.945174076777
"42",211.945174076777
"43",187.584998449868
"44",193.197867397906
"45",189.434510255672
"46",189.434510255672
"47",136.076289034182
"48",150.308829721355
"49",150.656942524676
"50",150.656942524676
"51",160.954988895033
"52",160.954988895033
"53",145.525822877597
"54",174.562193774518
"55",158.884498620642
"56",158.884498620642
"57",169.143406015484
"58",169.143406015484
"59",167.07062709048
"60",167.07062709048
"61",182.120365397551
"62",182.120365397551
"63",218.349150659716
"64",218.349150659716
"65",218.349150659716
"66",236.413114139581
"67",216.880987085809
"68",208.947014492357
"69",217.387801456919
"70",217.525949797649
"71",224.682058305187
"72",224.283640612337
"73",200.354262506617
"74",200.354262506617
"75",196.350777152254
"76",186.098390087208
"77",186.96232153246
"78",186.96232153246
"79",186.96232153246
"80",166.418114010647
"81",166.418114010647
"82",180.658422695492
"83",163.623325901782
"84",169.844602337281
"85",158.926966782332
"86",148.77266498051
"87",141.233561830706
"88",153.278378291992
"89",134.624007020083
"90",133.910050038662
"91",132.13911108497
"92",134.839257885328
"93",151.169894181187
"94",135.209411765175
"95",158.665013079844
"96",142.669402230628
"97",133.618049675526
"98",104.794381821591
"99",118.692187125929
"100",114.24929674906
"101",110.66335329156
"102",126.287317362255
"103",123.696472295986
"104",96.6339156998471
"105",101.744686711553
"106",79.8578112687264
"107",79.8578112687264
"108",74.0783622489476
"109",89.0863720122685
"110",99.814928677745
"111",104.252337850576
"112",99.8651486312181
"113",107.018479411761
"114",111.836292157137
"115",105.724516097585
"116",109.219248532638
"117",113.919438664099
"118",117.266695679951
"119",102.503824328825
"120",93.8556873916903
"121",84.4614743063173
"122",103.713519917029
"123",101.521142250247
"124",105.753496481244
"125",108.167655874183
"126",121.3656691252
"127",144.807087742775
"128",117.950921326449
"129",124.215361738639
"130",123.636847038827
"131",126.169398171247
"132",119.791790675383
"133",111.988144727863
"134",129.691907180386
"135",129.862130052063
"136",136.49314206743
"137",119.439850521566
"138",137.851579591012
"139",147.557143285547
"140",130.638377373954
"141",116.253754773658
"142",131.852472295735
"143",145.197125793038
"144",182.141479501738
"145",151.723854132149
"146",145.29591531788
"147",150.505442826815
"148",180.18381764677
"149",183.654179180484
"150",201.020251255624
"151",201.163245185756
"152",199.28590033274
"153",199.28590033274
"154",188.041373921244
"155",210.693733952757
"156",228.81829195888
"157",207.622441091393
"158",243.289052326838
"159",243.289052326838
"160",219.739997115371
"161",236.69040700275
"162",227.321366302475
"163",227.321366302475
"164",238.923682801197
"165",239.42285592564
"166",271.882357006224
"167",258.47228209239
"168",210.923201014358
"169",202.311116714641
"170",204.050592964352
"171",219.276909120254
"172",205.876221206344
"173",222.987502963765
"174",232.447389320506
"175",232.447389320506
"176",252.002954903417
"177",257.45067508212
"178",220.38586703496
"179",233.269363774054
"180",232.249353124367
"181",234.754995438695
"182",247.180525497331
"183",237.717636008018
"184",239.02205389522
"185",233.100133296161
"186",245.657851129901
"187",228.251063657794
"188",245.698786009395
"189",254.857509039679
"190",241.736740252505
"191",261.924260189575
"192",256.553083287562
"193",225.619397683186
"194",256.434801793463
"195",264.707892458735
"196",249.675590470001
"197",257.420848426358
"198",257.420848426358
"199",280.544132837121
"200",274.701736335392
"201",283.134313815018
"202",286.302167711163
"203",276.804686696676
"204",274.623261483132
"205",279.776844950604
"206",279.776844950604
"207",287.981987848181
"208",276.995822736243
"209",274.712261192179
"210",248.537464917005
"211",251.81065713867
"212",246.002333195934
"213",257.394945839705
"214",298.635421791734
"215",327.559137351725
"216",327.559137351725
"217",333.161799571792
"218",344.481476778463
"219",329.379952492882
"220",318.443517280293
"221",320.369827937063
"222",328.232237311575
"223",360.808640345836
"224",311.724213211865
"225",281.634202004548
"226",312.466009728643
"227",259.448841329432
"228",243.299223993634
"229",227.215431680022
"230",185.385218868354
"231",216.045720039089
"232",282.477252809005
"233",253.706386171042
"234",248.429912296202
"235",248.429912296202
"236",223.153629316724
"237",229.891223867486
"238",197.185245989357
"239",207.977693431682
"240",173.60550650477
"241",204.361332504422
"242",214.820753247963
"243",214.820753247963
"244",197.731442926939
"245",197.731442926939
"246",182.538211531286
"247",186.336993485459
"248",186.336993485459
"249",202.192789193318
"250",176.592216221387
"251",155.682914965036
"252",161.30625528077
"253",182.913939200786
"254",208.20775201182
"255",212.599065597778
"256",194.288272351389
"257",187.610267851206
"258",173.53000189645
"259",183.501433037348
"260",190.369068367918
"261",180.421057222396
"262",181.647076435566
"263",159.925613219307
"264",152.412284441264
"265",151.184552095607
"266",157.969585503641
"267",178.118873777988
"268",172.185985858237
"269",168.033125198142
"270",163.754140050466
"271",165.091016926929
"272",149.992709408396
"273",114.071759880454
"274",124.182390840849
"275",121.496032695276
"276",123.339713161331
"277",115.97409202418
"278",111.782754819816
"279",114.694675492803
"280",107.474963575629
"281",89.506627814004
"282",89.506627814004
"283",89.506627814004
"284",97.056051603637
"285",100.887404950229
"286",102.690665457276
"287",101.649340416408
"288",107.495979599246
"289",108.378108141566
"290",104.048968050701
"291",108.779090604603
"292",114.642279020942
"293",128.86689104048
"294",128.86689104048
"295",122.306006206014
"296",122.306006206014
"297",123.449618179508
"298",140.807196209775
"299",136.172688616266
"300",143.294578068607
"301",141.504990480904
"302",145.594122152131
"303",155.32101975635
"304",188.17841565637
"305",167.041900909276
"306",154.652801487674
"307",145.99912456326
"308",146.048600852744
"309",144.342845513133
"310",150.510450771504
"311",146.837033479931
"312",147.730057097108
"313",161.718214971294
"314",162.849820333001
"315",97.3832893058994
"316",116.343051444182
"317",102.684652632288
"318",102.684652632288
"319",124.977154867666
"320",146.730288603473
"321",146.730288603473
"322",136.098075543467
"323",136.098075543467
"324",130.477987420651
"325",145.329997874521
"326",157.482418822811
"327",153.805318572388
"328",164.850722001452
"329",164.850722001452
"330",165.758386066405
"331",153.211886638693
"332",153.211886638693
"333",162.604702959798
"334",162.252092356436
"335",160.425184046817
"336",164.811693094135
"337",178.134972169193
"338",171.557209030055
"339",177.471235032925
"340",164.163279646045
"341",162.324563347054
"342",162.324563347054
"343",175.666463552251
"344",175.666463552251
"345",164.077173860305
"346",160.072918595262
"347",160.94671593331
"348",161.235757496813
"349",162.332690241485
"350",177.367598915848
"351",178.063690133085
"352",199.280537127097
"353",174.293554460167
"354",247.581083936804
"355",228.503748442667
"356",267.333777028487
"357",254.892862340357
"358",249.326433838062
"359",249.326433838062
"360",253.570200608936
"361",253.570200608936
"362",210.883758113011
"363",239.187481242818
"364",217.525088061125
"365",210.240841573186
"366",210.240841573186
"367",209.62295569656
"368",160.713515978555
"369",129.917075462879
"370",158.977092487815
"371",158.758807205611
"372",168.63208946733
"373",195.576342233387
"374",193.612315312458
"375",200.21142183238
"376",213.893980773692
"377",224.676917254938
"378",241.689427346545
"379",215.745097524842
"380",202.672388843558
"381",232.204407488495
"382",228.244911864668
"383",239.492629299349
"384",239.492629299349
"385",220.445366609385
"386",209.351689890508
"387",182.224003988062
"388",182.224003988062
"389",184.005234733257
"390",192.934356874644
"391",176.717543218628
"392",150.350822863378
"393",145.67117451978
"394",192.557603661379
"395",175.738385016474
"396",174.954199878186
"397",168.548605531909
"398",168.069511970497
"399",170.855746412368
"400",176.576380883916
"401",162.275034877103
"402",145.169575479638
"403",168.584775408794
"404",167.53554467088
"405",154.27243709836
"406",156.586748232833
"407",160.33440338346
"408",188.351609802467
"409",190.651036345523
"410",190.651036345523
"411",199.029658073976
"412",193.059493737228
"413",204.061374057913
"414",215.963117077171
"415",215.963117077171
"416",217.21329401212
"417",215.963117077171
"418",208.902587593264
"419",194.63609288849
"420",186.017406417454
"421",177.888009348347
"422",187.870811209795
"423",189.090184952913
"424",203.8123652658
"425",207.19522102176
"426",189.991064866154
"427",212.994384703722
"428",224.615456531912
"429",217.227617204042
"430",223.211388278959
"431",195.228662828031
"432",190.798444679039
"433",190.453360976467
"434",194.735555253841
"435",194.735555253841
"436",236.756182915175
"437",219.850271770326
"438",267.551835045091
"439",289.113935524
"440",299.170039040234
"441",264.522268478798
"442",250.743709495195
"443",228.54839941855
"444",223.698864436272
"445",222.28345760514
"446",219.45519911337
"447",216.357733539443
"448",215.94667613713
"449",219.67155561903
"450",219.67155561903
"451",228.102505040799
"452",229.185141307523
"453",236.291509099826
"454",196.380504101889
"455",203.617855832211
"456",232.156413225021
"457",225.289775158741
"458",241.652737069829
"459",223.101730901893
"460",198.751010691753
"461",181.067631605738
"462",191.173830700503
"463",229.75700728521
"464",220.423371871066
"465",241.603548062821
"466",241.603548062821
"467",223.716817510651
"468",202.700367243848
"469",216.138167396673
"470",208.161193575133
"471",240.905242611958
"472",238.847415889628
"473",203.879681092467
"474",224.459483995273
"475",245.269542712041
"476",261.72471701647
"477",220.983804766607
"478",220.115501659899
"479",220.115501659899
"480",238.510071413607
"481",253.138081989066
"482",259.654865668419
"483",256.664697665755
"484",319.445423713032
"485",296.676658521086
"486",330.477885668671
"487",304.30981529293
"488",289.597416449656
"489",264.797001673308
"490",274.435207310439
"491",287.252330011311
"492",236.533124173452
"493",236.533124173452
"494",226.710549215883
"495",175.455948312715
"496",184.822242840286
"497",173.289637456299
"498",178.936224163372
"499",174.783421410982
"500",172.716457567327
"501",156.95691279449
"502",157.625552253744
"503",190.423195006495
"504",196.878219325097
"505",186.096633704415
"506",181.875511856491
"507",184.267810590849
"508",172.944814903813
"509",230.12164266577
"510",224.731561374684
"511",192.145403902077
"512",189.977391948028
"513",189.977391948028
"514",190.615301642769
"515",190.615301642769
"516",185.758510460881
"517",201.263687206386
"518",197.385642400195
"519",214.164404785674
"520",237.776834377999
"521",250.908587841749
"522",248.418169367179
"523",245.153635824702
"524",240.07293837224
"525",247.956517845368
"526",248.457153748424
"527",248.457153748424
"528",242.412255459585
"529",254.022386594594
"530",231.960078109357
"531",230.430299853996
"532",222.072289766485
"533",222.072289766485
"534",222.072289766485
"535",232.860046477638
"536",204.234329616163
"537",198.080768076989
"538",198.080768076989
"539",237.390024243403
"540",237.390024243403
"541",237.390024243403
"542",256.806826792195
"543",241.176786237967
"544",235.975485272774
"545",235.975485272774
"546",214.85196208041
"547",214.791787602416
"548",196.829649110352
"549",207.042375631203
"550",188.123886367146
"551",183.035438198427
"552",190.963209248943
"553",197.172339856977
"554",211.289869430115
"555",203.999215818185
"556",199.553889836471
"557",216.503182939526
"558",218.703705040307
"559",192.867172977221
"560",197.189272113328
"561",207.926941766561
"562",201.255346103216
"563",202.397757189552
"564",211.166428516242
"565",205.731327356705
"566",205.069583120751
"567",218.278747500029
"568",218.278747500029
"569",208.603603436102
"570",210.912043800083
"571",215.260156776893
"572",210.785445577818
"573",173.129232294016
"574",160.134205831523
"575",167.052310097723
"576",167.831126043599
"577",154.324016382614
"578",183.313564706475
"579",186.859847452178
"580",169.976638344692
"581",179.209197510777
"582",187.925550144571
"583",184.142061152743
"584",184.142061152743
"585",185.992849117393
"586",217.311209967253
"587",242.611580800923
"588",245.478102397462
"589",254.373036172384
"590",236.37269329659
"591",246.845544968025
"592",227.71168049608
"593",208.993316820651
"594",209.881137309157
"595",221.078057385575
"596",227.352005402836
"597",231.462952605849
"598",243.669744922423
"599",243.669744922423
"600",251.353496860678
"601",225.329032386883
"602",237.653818491142
"603",187.362809168236
"604",187.362809168236
"605",182.973694016842
"606",173.654200851149
"607",191.670414419668
"608",205.864984735277
"609",213.971122615713
"610",237.731739705825
"611",236.97888087481
"612",255.407817347733
"613",238.708415595745
"614",246.238962161748
"615",245.446317766153
"616",190.092369089682
"617",178.585798147621
"618",219.364951811995
"619",219.826256317379
"620",219.826256317379
"621",238.247875192653
"622",240.177215166647
"623",225.200230340569
"624",233.147369426164
"625",233.76355561896
"626",230.519938276568
"627",257.32547060172
"628",273.567796977926
"629",273.567796977926
"630",238.4691431848
"631",212.265860553206
"632",218.745789457546
"633",211.384550453018
"634",209.781939853869
"635",231.374766165024
"636",243.260894358612
"637",237.751021333071
"638",260.754449317979
"639",267.660988400173
"640",253.988053740376
"641",260.537986469081
"642",260.537986469081
"643",230.232686174499
"644",230.232686174499
"645",262.731764220079
"646",255.625612790831
"647",276.074934871299
"648",277.864942543018
"649",280.317885200991
"650",292.101409945031
"651",294.227363130765
"652",308.382934228512
"653",274.033303912837
"654",274.971805287184
"655",250.37913323409
"656",235.84733725796
"657",233.786713214261
"658",217.06705208824
"659",222.007881090174
"660",207.769547463748
"661",179.249876069059
"662",179.249876069059
"663",184.745961997623
"664",195.677297411272
"665",209.740741050492
"666",209.740741050492
"667",194.619016900803
"668",191.596704362399
"669",202.21129536703
"670",198.852395912011
"671",196.816193908324
"672",186.827839860558
"673",179.235519044815
"674",183.638767475697
"675",219.599210105935
"676",221.900679132747
"677",240.717321487336
"678",249.081936302868
"679",209.107673079291
"680",181.825782405809
"681",252.914446745907
"682",259.871428799051
"683",271.230259926805
"684",275.419197317042
"685",259.622068482503
"686",263.940218303222
"687",275.290963619972
"688",257.211246396624
"689",250.650075968956
"690",259.108814234707
"691",259.108814234707
"692",256.602439040101
"693",195.268319252379
"694",193.534490679172
"695",191.613369366242
"696",188.226548454723
"697",190.752249418912
"698",195.923585084055
"699",185.054527914815
"700",210.255325300569
"701",193.528154938228
"702",204.76938995533
"703",175.185698735559
"704",137.757123537234
"705",144.589508527731
"706",138.106421213863
"707",148.299827520819
"708",160.982499865434
"709",151.803829871721
"710",164.763852527775
"711",162.575102041523
"712",150.763859523855
"713",150.763859523855
"714",206.871621975145
"715",206.871621975145
"716",216.187280995713
"717",211.038513623149
"718",211.038513623149
"719",199.323793236835
"720",199.323793236835
"721",205.671470174196
"722",210.148954009991
"723",210.430252734449
"724",210.430252734449
"725",206.191863760724
"726",193.861692295843
"727",216.205364143362
"728",241.523059105291
"729",331.466422044934
"730",287.684416081964
"731",284.289666108591
"732",284.289666108591
"733",284.289666108591
"734",308.921561940635
"735",277.360151921738
"736",277.360151921738
"737",275.264887931222
"738",268.875218675139
"739",289.077682577309
"740",293.059901767929
"741",288.854623029076
"742",357.306918076751
"743",331.982900959078
"744",299.341897896782
"745",294.821308148156
"746",313.7437236536
"747",264.592552051011
"748",298.373229680297
"749",283.551219882079
"750",279.776394138925
"751",285.959546717055
"752",307.957042464087
"753",314.126185083451
"754",344.477381070411
"755",322.448527857065
"756",308.268134171039
"757",292.386291570069
"758",322.82286887078
"759",303.201115495447
"760",370.289703017523
"761",337.193548972247
"762",286.704276203655
"763",270.765874026174
"764",288.987416446947
"765",288.987416446947
"766",244.580073445539
"767",270.00027140907
"768",262.908513056201
"769",287.994872100961
"770",292.674747385579
"771",278.356517582607
"772",299.603837127086
"773",299.603837127086
"774",327.479633834593
"775",272.211981436956
"776",272.211981436956
"777",268.159758693395
"778",289.630753211495
"779",281.367896710862
"780",264.60067885012
"781",274.383329376223
"782",280.148254466392
"783",315.062580460932
"784",325.767541048945
"785",314.458119390193
"786",337.493283957837
"787",314.731472423366
"788",314.731472423366
"789",319.648057919793
"790",340.560200196667
"791",337.440869417081
"792",324.974904311675
"793",331.077154872947
"794",298.494775457831
"795",279.871249823933
"796",260.878927738937
"797",260.878927738937
"798",260.434856177029
"799",242.220488956002
"800",230.892221654081
"801",266.023289460962
"802",252.730438554639
"803",242.246925039416
"804",231.760202079613
"805",231.760202079613
"806",218.287090326467
"807",228.228659246716
"808",254.945272487522
"809",259.382371750897
"810",277.821889156188
"811",272.64451021963
"812",259.63465181238
"813",304.732151670944
"814",275.879690212381
"815",275.879690212381
"816",284.36137754408
"817",284.36137754408
"818",284.36137754408
"819",283.517335739415
"820",290.334191181037
"821",282.311492701609
"822",306.019206934194
"823",280.571740731157
"824",258.391846056656
"825",253.009986953019
"826",253.009986953019
"827",253.009986953019
"828",272.357062903708
"829",259.012271108141
"830",243.819776206909
"831",243.819776206909
"832",251.611916678456
"833",231.899125662996
"834",231.899125662996
"835",242.358665713009
"836",227.138424562564
"837",233.919204136393
"838",218.962162218443
"839",243.530931973045
"840",238.652023097966
"841",244.632902534136
"842",252.271428961332
"843",233.331016770874
"844",244.956785691379
"845",222.641755505898
"846",215.100179078794
"847",226.845221430742
"848",263.751602981717
"849",236.658182283452
"850",236.658182283452
"851",228.323519007463
"852",249.167731740965
"853",258.146013394875
"854",257.866728410991
"855",272.048251162
"856",293.491970152607
"857",273.136906725255
"858",255.860127713812
"859",227.352379531181
"860",251.011091441102
"861",242.208899112379
"862",234.143503622545
"863",276.918891510214
"864",297.731100436109
"865",282.62358859233
"866",282.600757801488
"867",262.138529203639
"868",271.594605922257
"869",255.961440334014
"870",240.222602555756
"871",257.757930860061
"872",269.266831667892
"873",241.821217874868
"874",255.791104453732
"875",255.791104453732
"876",284.481378100128
"877",260.403008183688
"878",245.955583972194
"879",245.955583972194
"880",242.200402230411
"881",242.200402230411
"882",224.020491118721
"883",233.479067176634
"884",217.745458386867
"885",221.502159870213
"886",238.125970651459
"887",253.065155215893
"888",231.08732037469
"889",218.451791747262
"890",237.14612008595
"891",242.347123119658
"892",262.387479266954
"893",247.616783296812
"894",246.208531294359
"895",234.874169231199
"896",242.387945831394
"897",270.05496150815
"898",246.635399500502
"899",221.177929393822
"900",245.650236460079
"901",267.99277030919
"902",267.99277030919
"903",267.99277030919
"904",267.819066175109
"905",258.666773131838
"906",258.666773131838
"907",261.909478869291
"908",298.956599131753
"909",267.923497825827
"910",256.574593254725
"911",285.436530080175
"912",307.428847346529
"913",290.825713478818
"914",281.288565428219
"915",241.811083321616
"916",217.579717372735
"917",205.857587117296
"918",223.037511086069
"919",219.222680105681
"920",212.267896592301
"921",214.469710922534
"922",222.38172511723
"923",217.460594644284
"924",214.550037856536
"925",229.92790827528
"926",230.145115803923
"927",228.512678507482
"928",212.106984575785
"929",231.466337493069
"930",252.467346962994
"931",252.467346962994
"932",262.562441139045
"933",267.853129444456
"934",278.230831053504
"935",302.261154530219
"936",302.349229937902
"937",293.460530503607
"938",302.110238841909
"939",299.271904487485
"940",266.244415794383
"941",257.59794671932
"942",289.014466819369
"943",289.014466819369
"944",301.16370560373
"945",301.16370560373
"946",282.106879268076
"947",265.294332502589
"948",246.697703940247
"949",256.402913839627
"950",255.632752845232
"951",242.150982358627
"952",251.067264224954
"953",227.445740603895
"954",262.448789726132
"955",260.929580365131
"956",260.929580365131
"957",214.268015888322
"958",264.852764038109
"959",258.124977489614
"960",252.471071395522
"961",256.248414420158
"962",210.08347113417
"963",249.841692926834
"964",276.8231650735
"965",267.981129924506
"966",267.981129924506
"967",298.273419596061
"968",298.273419596061
"969",322.173965811876
"970",295.886633519611
"971",285.542843861082
"972",282.120681468764
"973",263.950123723246
"974",250.05645238465
"975",271.671303970316
"976",243.133810136446
"977",235.872195351407
"978",235.872195351407
"979",249.187524079108
"980",229.549750643121
"981",252.702289140548
"982",261.520756367868
"983",228.332218204904
"984",183.807131525498
"985",219.82545339846
"986",251.461273800053
"987",256.198024817416
"988",262.072531253659
"989",260.489817270495
"990",225.160382106416
"991",241.598016756863
"992",234.730670421543
"993",263.523780259224
"994",256.067310578514
"995",248.404309363617
"996",248.404309363617
"997",246.118242648391
"998",246.118242648391
"999",261.092609221056
"1000",275.00016742209
"1001",300.497077020743
"1002",286.661821466595
"1003",287.752208970624
"1004",309.09569506985
"1005",287.9984473041
"1006",293.429937364145
"1007",296.802378059843
"1008",298.94405922353
"1009",345.851920618163
"1010",340.596694883753
"1011",327.67751117548
"1012",341.416258423085
"1013",343.567186802186
"1014",314.62765205208
"1015",324.932619591965
"1016",357.651134060572
"1017",354.756976180064
"1018",360.011569856171
"1019",344.822856637042
"1020",336.925255709252
"1021",362.244670570653
"1022",322.534629909045
"1023",322.534629909045
"1024",322.534629909045
"1025",374.226861956702
"1026",345.68685870429
"1027",333.070774960919
"1028",333.070774960919
"1029",367.947885352195
"1030",331.266563623604
"1031",334.212111378511
"1032",339.409070523669
"1033",348.281989950457
"1034",402.032220445603
"1035",387.129353614954
"1036",391.636967480373
"1037",326.200533674458
"1038",359.803956455174
"1039",329.68359493925
"1040",341.256901636883
"1041",325.600862088285
"1042",326.260791557687
"1043",335.643081605609
"1044",342.720925010057
"1045",332.179403509345
"1046",332.179403509345
"1047",322.592894669495
"1048",322.592894669495
"1049",322.592894669495
"1050",325.06892512785
"1051",291.952325706607
"1052",252.320075114589
"1053",252.355225695742
"1054",268.256709601197
"1055",268.256709601197
"1056",269.035999704754
"1057",235.921816919997
"1058",241.500165078261
"1059",240.630009834225
"1060",252.083127242639
"1061",262.580895066264
"1062",254.179982810478
"1063",232.120078159231
"1064",229.656209778318
"1065",255.332880491716
"1066",237.67195230727
"1067",247.708864402489
"1068",231.552500583953
"1069",224.577836922495
"1070",224.577836922495
"1071",211.606002658062
"1072",177.469395749405
"1073",190.99388650045
"1074",234.909246670175
"1075",260.076985968829
"1076",245.812891732005
"1077",232.096464255753
"1078",229.207071942498
"1079",222.527343203214
"1080",222.397494348758
"1081",211.413897686039
"1082",239.267639191614
"1083",266.664291003397
"1084",264.61237449264
"1085",273.722207937687
"1086",274.529814644085
"1087",257.592084492943
"1088",270.711926647642
"1089",207.490805917199
"1090",203.306108760954
"1091",203.306108760954
"1092",239.559862042435
"1093",247.053371485516
"1094",259.810110675403
"1095",269.486131952328
"1096",276.620464447806
"1097",249.929340069619
"1098",253.512812962729
"1099",243.723092565823
"1100",255.076530148018
"1101",255.076530148018
"1102",247.311371439132
"1103",250.36549842469
"1104",254.70468709042
"1105",254.70468709042
"1106",234.119862709544
"1107",252.426034513551
"1108",243.029638737826
"1109",261.937234959742
"1110",222.042224998729
"1111",201.90057367644
"1112",194.840560928774
"1113",195.881287791065
"1114",152.677071687746
"1115",152.677071687746
"1116",154.585979689668
"1117",169.863054436751
"1118",169.863054436751
"1119",169.181716631186
"1120",165.082932017795
"1121",171.755638422646
"1122",171.755638422646
"1123",142.520907135207
"1124",126.721831728929
"1125",156.237680147723
"1126",184.009979641464
"1127",190.590082398167
"1128",200.470310762641
"1129",174.395191843215
"1130",191.480198967765
"1131",198.307207848102
"1132",182.937717995881
"1133",175.351420221477
"1134",189.912651275304
"1135",209.383453173352
"1136",208.324417114591
"1137",215.304502710139
"1138",223.378791888006
"1139",205.731980953457
"1140",203.988091120187
"1141",213.953707808685
"1142",230.803751318608
"1143",232.690914067767
"1144",208.831994069753
"1145",233.929017525913
"1146",240.134326474176
"1147",235.819720178971
"1148",214.620552946226
"1149",211.719457947631
"1150",217.374364372239
"1151",211.279972829704
"1152",220.768064331638
"1153",208.890749387356
"1154",227.626408925088
"1155",222.473918979413
"1156",230.19438936093
"1157",230.19438936093
"1158",244.590691387295
"1159",242.887075426865
"1160",256.523794127051
"1161",285.075982594094
"1162",285.075982594094
"1163",284.395171100232
"1164",261.045819623312
"1165",290.680883407638
"1166",378.901996185572
"1167",354.682584564998
"1168",353.444646578151
"1169",345.212350200707
"1170",348.825937528857
"1171",324.397532192468
"1172",312.912643039923
"1173",290.196414337289
"1174",284.880448631605
"1175",260.011182809152
"1176",249.576140708941
"1177",253.783648116684
"1178",245.509504916224
"1179",233.561310505743
"1180",184.736443422689
"1181",227.536065235759
"1182",214.300520928213
"1183",214.300520928213
"1184",224.578542498361
"1185",202.319282466838
"1186",173.09961822147
"1187",151.161107327904
"1188",151.161107327904
"1189",183.973355129756
"1190",183.973355129756
"1191",183.973355129756
"1192",205.249483337197
"1193",215.68433751873
"1194",254.116358163294
"1195",258.029908264958
"1196",260.399234054977
"1197",232.628781760906
"1198",236.603344065156
"1199",245.785685887703
"1200",245.170422580133
"1201",204.957118730947
"1202",205.836473773738
"1203",179.871910677471
"1204",187.688982823387
"1205",235.67239393703
"1206",236.000166388871
"1207",233.437657789971
"1208",229.565995122026
"1209",214.747799764339
"1210",219.267469592109
"1211",202.930302469261
"1212",213.557927104717
"1213",244.754725459218
"1214",217.069894998331
"1215",224.983266315627
"1216",259.66133112718
"1217",268.964141037536
"1218",260.651770712119
"1219",260.651770712119
"1220",268.12055345421
"1221",281.158720569288
"1222",280.929064634001
"1223",279.785193437397
"1224",304.578396566535
"1225",296.837739426562
"1226",296.837739426562
"1227",296.837739426562
"1228",302.660535545098
"1229",278.17645060846
"1230",283.444643050833
"1231",267.833875480326
"1232",286.659330083646
"1233",299.311786891689
"1234",281.840194496703
"1235",275.246182657315
"1236",298.481669520305
"1237",298.481669520305
"1238",291.360751733514
"1239",291.360751733514
"1240",289.531654950371
"1241",304.145387210673
"1242",321.131305676898
"1243",285.458097434149
"1244",285.458097434149
"1245",296.296731251393
"1246",287.695475633564
"1247",286.869226737071
"1248",274.618447536345
"1249",236.396529666334
"1250",240.735730942717
"1251",309.238749630452
"1252",303.331868891334
"1253",278.204046631728
"1254",256.335619551741
"1255",256.335619551741
"1256",241.123466387382
"1257",231.82831041411
"1258",232.089953843695
"1259",224.751821258642
"1260",176.122496500962
"1261",176.122496500962
"1262",174.916772415587
"1263",179.630567774894
"1264",179.630567774894
"1265",174.070657052512
"1266",155.613711915472
"1267",165.811563392665
"1268",158.142619861156
"1269",175.106051780399
"1270",166.576667409347
"1271",161.688190183802
"1272",164.268984967621
"1273",163.384572585718
"1274",212.617512496272
"1275",211.511966953051
"1276",214.664611797988
"1277",213.279379833705
"1278",227.307567566771
"1279",259.803840844304
"1280",274.053852825701
"1281",249.089778666278
"1282",249.089778666278
"1283",249.089778666278
"1284",249.089778666278
"1285",289.643685248815
"1286",302.017833980399
"1287",305.01119220398
"1288",315.113855066688
"1289",280.964843938018
"1290",267.166530899342
"1291",264.203747175348
"1292",226.166346678602
"1293",237.984724203215
"1294",235.076718069095
"1295",235.076718069095
"1296",259.272914620185
"1297",241.053172916373
"1298",237.664127685768
"1299",201.247889854402
"1300",201.247889854402
"1301",179.256381680747
"1302",179.256381680747
"1303",178.602848934691
"1304",178.602848934691
"1305",178.602848934691
"1306",176.619089170542
"1307",172.726699294699
"1308",172.726699294699
"1309",188.285371479828
"1310",182.581921070655
"1311",182.581921070655
"1312",169.306388680604
"1313",161.064678987247
"1314",122.818692570737
"1315",125.216071338976
"1316",125.216071338976
"1317",140.62705624982
"1318",149.792419652302
"1319",165.947003539905
"1320",176.298878099945
"1321",168.532481576639
"1322",182.85042059998
"1323",180.535430038421
"1324",177.26778083973
"1325",200.65580537925
"1326",181.776632200342
"1327",181.685439587838
"1328",181.685439587838
"1329",181.685439587838
"1330",177.43578230486
"1331",161.023719770628
"1332",161.023719770628
"1333",158.413344519803
"1334",158.413344519803
"1335",157.050543821656
"1336",157.050543821656
"1337",157.050543821656
"1338",141.700912019171
"1339",125.805117865521
"1340",140.271776172587
"1341",138.201500366507
"1342",142.435979234917
"1343",140.465132845675
"1344",155.119907120951
"1345",154.994054582253
"1346",154.994054582253
"1347",131.272567119059
"1348",131.272567119059
"1349",131.272567119059
"1350",136.449752996978
"1351",136.651240471712
"1352",134.581852984834
"1353",124.654857451654
"1354",138.55412775774
"1355",113.552226918277
"1356",122.095069257162
"1357",122.095069257162
"1358",109.817108255811
"1359",109.817108255811
"1360",120.967271998714
"1361",120.967271998714
"1362",125.86711765115
"1363",127.42021572382
"1364",132.397296402514
"1365",118.70182691912
"1366",130.772344158213
"1367",136.033310136307
"1368",123.395330292131
"1369",118.60631311333
"1370",112.181630312549
"1371",112.241211340888
"1372",105.033427736896
"1373",105.751982567476
"1374",104.865658943547
"1375",128.567760382485
"1376",137.950273524668
"1377",109.237308847788
"1378",109.459596424965
"1379",143.334427031272
"1380",158.219384944879
"1381",178.763239781852
"1382",156.916114844153
"1383",152.786689158124
"1384",152.786689158124
"1385",149.608841894792
"1386",155.797455889725
"1387",155.797455889725
"1388",147.67644470968
"1389",142.643948910392
"1390",165.403550033935
"1391",168.745542464978
"1392",178.30633548241
"1393",171.197922207933
"1394",199.900903011035
"1395",209.683153187998
"1396",218.246199808782
"1397",218.246199808782
"1398",181.836976009087
"1399",201.062207267532
"1400",205.29541926153
"1401",218.485817775476
"1402",253.175467779717
"1403",253.175467779717
"1404",247.997168213513
"1405",247.997168213513
"1406",261.647644079928
"1407",241.32070726445
"1408",270.909136961269
"1409",271.137629161373
"1410",271.137629161373
"1411",285.981983575763
"1412",274.896899527975
"1413",236.480075463399
"1414",233.549363237632
"1415",253.320875253165
"1416",226.895695905878
"1417",194.524311561194
"1418",157.792511139721
"1419",188.876549281434
"1420",186.856744289014
"1421",192.840662899205
"1422",217.713593719242
"1423",188.652119841817
"1424",187.189219476744
"1425",209.593139047646
"1426",238.841803790808
"1427",238.841803790808
"1428",238.841803790808
"1429",242.140690914059
"1430",223.963807607565
"1431",215.141995437351
"1432",242.386439599831
"1433",242.386439599831
"1434",202.165432787801
"1435",227.507781078204
"1436",218.234741239054
"1437",239.075199606529
"1438",253.928479182322
"1439",234.648543213082
"1440",239.086523730419
"1441",200.649932611752
"1442",132.583753482404
"1443",191.554256576954
"1444",235.63448225834
"1445",225.500970823447
"1446",225.500970823447
"1447",213.870613009062
"1448",213.870613009062
"1449",191.782099877028
"1450",234.010755390636
"1451",227.565956037315
"1452",233.973806799186
"1453",251.203868453764
"1454",251.203868453764
"1455",277.239712625085
"1456",269.466411651133
"1457",240.637214357274
"1458",240.637214357274
"1459",240.637214357274
"1460",218.868786045354
"1461",199.177215797042
"1462",237.709095883637
"1463",196.135498381494
"1464",200.194087291052
"1465",212.725288329613
"1466",229.630390643942
"1467",231.492922875978
"1468",209.695212978232
"1469",236.222270665655
"1470",227.981090374641
"1471",257.634414647433
"1472",257.634414647433
"1473",264.22144345038
"1474",264.22144345038
"1475",264.22144345038
"1476",247.084186060799
"1477",214.065621453666
"1478",214.468183463188
"1479",214.468183463188
"1480",239.266861282635
"1481",263.702975554537
"1482",263.702975554537
"1483",288.081151758144
"1484",280.693340056831
"1485",228.854234892274
"1486",243.898008600529
"1487",282.258498695697
"1488",295.12557833001
"1489",277.720767912519
"1490",277.720767912519
"1491",277.131267404741
"1492",285.345567780141
"1493",311.471192774616
"1494",309.81275132781
"1495",322.664331330781
"1496",336.869831765456
"1497",313.748186452423
"1498",292.347094325431
"1499",257.585645263034
"1500",235.902491704663
"1501",278.476602794706
"1502",278.476602794706
"1503",278.198604843354
"1504",270.758714903162
"1505",273.5599722001
"1506",277.652573993106
"1507",285.17909257159
"1508",276.113407363198
"1509",272.931015137412
"1510",266.023416138288
"1511",264.714082522304
"1512",264.714082522304
"1513",266.289677835949
"1514",248.005910255657
"1515",248.005910255657
"1516",248.005910255657
"1517",198.838252976255
"1518",176.690134289539
"1519",252.218142614626
"1520",258.946361313297
"1521",258.946361313297
"1522",248.209963184003
"1523",232.277519866604
"1524",265.171611676149
"1525",293.575556992418
"1526",289.351944693005
"1527",289.351944693005
"1528",312.368443815594
"1529",319.80681454163
"1530",316.389726118139
"1531",316.389726118139
"1532",304.834048663081
"1533",304.834048663081
"1534",299.726170562676
"1535",299.726170562676
"1536",299.726170562676
"1537",321.116420599549
"1538",247.605185012739
"1539",247.605185012739
"1540",208.067347680574
"1541",189.782735374814
"1542",188.359577966945
"1543",212.010131585231
"1544",231.14886709716
"1545",218.179118862227
"1546",192.912213662684
"1547",187.099907744969
"1548",219.546136598608
"1549",242.088283102861
"1550",215.265483635532
"1551",211.977818838896
"1552",209.926490478856
"1553",209.926490478856
"1554",211.977818838896
"1555",211.977818838896
"1556",200.777230776226
"1557",212.197563687012
"1558",204.184296546945
"1559",204.184296546945
"1560",217.894565923348
"1561",216.905805437968
"1562",239.165843143782
"1563",215.191323693037
"1564",227.593086165442
"1565",222.210996630403
"1566",229.360819211632
"1567",225.852081519764
"1568",229.689318467872
"1569",236.368656465585
"1570",211.606442130562
"1571",209.072445815634
"1572",197.023622084098
"1573",226.430425247056
"1574",241.694780076116
"1575",272.766692858873
"1576",267.694524133029
"1577",267.694524133029
"1578",267.694524133029
"1579",224.724220379914
"1580",204.719438652061
"1581",245.615413307783
"1582",248.938775474198
"1583",234.382464914689
"1584",228.105332729073
"1585",229.131074127825
"1586",246.209765868069
"1587",253.6511314052
"1588",240.347710946584
"1589",223.626378086665
"1590",252.813984243737
"1591",222.356174610971
"1592",222.356174610971
"1593",222.356174610971
"1594",205.363868951105
"1595",217.534233029587
"1596",215.492488755914
"1597",239.323114096148
"1598",230.92110515183
"1599",210.825060619815
"1600",217.997519705936
"1601",217.997519705936
"1602",210.325765446178
"1603",216.636030564038
"1604",229.028905378058
"1605",198.979059622367
"1606",198.979059622367
"1607",198.979059622367
"1608",211.793735787056
"1609",212.639480247018
"1610",198.160809402157
"1611",227.03791735493
"1612",219.212184504596
"1613",220.389590042698
"1614",256.425002778995
"1615",275.286818184496
"1616",246.81143081683
"1617",246.81143081683
"1618",266.807850078994
"1619",297.558132894467
"1620",256.093787349632
"1621",265.819316480265
"1622",267.928066847041
"1623",236.69888655635
"1624",250.695392802144
"1625",258.491558585327
"1626",258.491558585327
"1627",265.100259646017
"1628",287.715957012242
"1629",300.523137768791
"1630",281.151986366707
"1631",279.989173661006
"1632",276.769489699921
"1633",271.672349167092
"1634",256.070332210517
"1635",256.070332210517
"1636",248.928996067976
"1637",263.140574874552
"1638",272.239802375166
"1639",273.416187282696
"1640",273.826608432874
"1641",257.745837174887
"1642",247.050556821018
"1643",261.217015126942
"1644",232.395655203273
"1645",249.327811364095
"1646",256.613813569084
"1647",256.613813569084
"1648",254.003784003294
"1649",257.22819513421
"1650",247.462400026972
"1651",238.709964440733
"1652",238.709964440733
"1653",229.822094126488
"1654",220.896829956169
"1655",220.896829956169
"1656",239.058793693618
"1657",246.253898095911
"1658",257.237050873687
"1659",262.534968169462
"1660",282.407640838624
"1661",260.585536435784
"1662",258.398610737397
"1663",258.398610737397
"1664",258.398610737397
"1665",248.430755916158
"1666",238.181760976577
"1667",240.691868740421
"1668",240.691868740421
"1669",248.098103224507
"1670",238.446816144453
"1671",242.26365092243
"1672",242.26365092243
"1673",257.370179578541
"1674",257.370179578541
"1675",236.76063709909
"1676",230.444662154685
"1677",230.444662154685
"1678",262.283142782829
"1679",262.283142782829
"1680",253.286067140461
"1681",252.677770600155
"1682",248.785557896646
"1683",253.450829345798
"1684",258.644647260796
"1685",258.644647260796
"1686",248.316334155347
"1687",248.316334155347
"1688",205.060041538735
"1689",219.0032569615
"1690",216.147149599165
"1691",208.724991449189
"1692",207.11036040377
"1693",207.11036040377
"1694",207.11036040377
"1695",220.881433728174
"1696",228.225277940092
"1697",217.282777578209
"1698",223.010750459528
"1699",231.959051618562
"1700",231.959051618562
"1701",241.292163365755
"1702",244.124695729381
"1703",250.502937130077
"1704",250.502937130077
"1705",268.048904018639
"1706",271.833537979415
"1707",258.677630889154
"1708",241.353317268822
"1709",241.570911851177
"1710",235.035130060561
"1711",219.276140276983
"1712",219.129613200762
"1713",213.767297665113
"1714",226.914627094784
"1715",222.670106036933
"1716",223.138496098261
"1717",218.89656343696
"1718",196.548673579503
"1719",194.89522706325
"1720",189.982396376519
"1721",190.817746236154
"1722",209.410125350991
"1723",217.326235887382
"1724",202.04886551736
"1725",239.685518102437
"1726",216.245807862614
"1727",198.137924496736
"1728",195.903519901789
"1729",195.903519901789
"1730",200.978933660924
"1731",209.908783874253
"1732",209.908783874253
"1733",209.908783874253
"1734",230.539107134132
"1735",224.337183341754
"1736",224.169290311976
"1737",194.569215236329
"1738",206.085086719757
"1739",185.499311715156
"1740",171.758996681354
"1741",197.438791196671
"1742",224.792691396676
"1743",210.446167121043
"1744",208.350423346599
"1745",200.449695631501
"1746",210.412260104529
"1747",200.678368045043
"1748",186.425175898961
"1749",164.61077856758
"1750",154.617197515532
"1751",166.574507038651
"1752",189.537207470737
"1753",189.537207470737
"1754",183.957751005774
"1755",211.185436252754
"1756",273.010723207274
"1757",273.010723207274
"1758",258.780406651415
"1759",258.780406651415
"1760",254.622896254417
"1761",260.065284786377
"1762",273.396034576678
"1763",273.396034576678
"1764",273.396034576678
"1765",264.893036364319
"1766",265.676079119423
"1767",257.089309524091
"1768",257.089309524091
"1769",234.352858105815
"1770",229.118411751612
"1771",226.934237306759
"1772",226.934237306759
"1773",264.963822443522
"1774",235.781955074501
"1775",211.729053912576
"1776",201.402369524597
"1777",215.378854237852
"1778",239.799718739248
"1779",241.269349851927
"1780",241.269349851927
"1781",241.269349851927
"1782",254.813282661503
"1783",246.510893559683
"1784",246.510893559683
"1785",250.404361861032
"1786",229.783685197746
"1787",244.205040762997
"1788",244.205040762997
"1789",244.205040762997
"1790",253.389624619834
"1791",238.267711590593
"1792",237.335918046722
"1793",308.470126452597
"1794",283.951620740256
"1795",271.021490687827
"1796",260.536338554332
"1797",260.536338554332
"1798",244.121353604249
"1799",247.359448254408
"1800",227.691081521905
"1801",278.385355413453
"1802",275.947892959936
"1803",292.049256001241
"1804",292.049256001241
"1805",179.990543016586
"1806",273.511772506438
"1807",256.820122166681
"1808",256.820122166681
"1809",256.820122166681
"1810",256.820122166681
"1811",272.988517564197
"1812",307.643947501519
"1813",296.187860002734
"1814",266.465325136715
"1815",266.465325136715
"1816",266.465325136715
"1817",256.427181533693
"1818",286.38033238007
"1819",296.719449599582
"1820",280.815268568198
"1821",294.935501477582
"1822",287.397159257831
"1823",281.471449591008
"1824",292.506511382622
"1825",317.458218091152
"1826",328.185519528001
"1827",321.338607725416
"1828",317.751927895484
"1829",317.751927895484
"1830",283.839074904336
"1831",285.905657682222
"1832",290.367316983138
"1833",285.098214744268
"1834",295.385615563725
"1835",279.678459290341
"1836",277.093155544838
"1837",263.379775965092
"1838",251.806653302263
"1839",264.977816239521
"1840",265.537806536789
"1841",238.579915248847
"1842",246.884786731027
"1843",265.1599979062
"1844",263.397071004829
"1845",242.367952439809
"1846",279.48018196627
"1847",279.48018196627
"1848",269.977742360779
"1849",266.136367629038
"1850",266.136367629038
"1851",256.439415807907
"1852",239.484626955402
"1853",239.484626955402
"1854",248.43938682511
"1855",248.43938682511
"1856",219.331066537037
"1857",251.204743842236
"1858",315.604199427043
"1859",311.99397792291
"1860",314.833713263038
"1861",314.792766998932
"1862",313.593417605168
"1863",313.593417605168
"1864",300.987055245888
"1865",264.766249972436
"1866",327.165618391737
"1867",334.409420880039
"1868",324.509764943602
"1869",293.613962999972
"1870",319.250532228706
"1871",330.659305396064
"1872",330.260478354
"1873",296.996925841334
"1874",264.828721029421
"1875",275.12566511756
"1876",294.932774886011
"1877",316.971915091224
"1878",316.971915091224
"1879",335.521254522398
"1880",329.973554843497
"1881",289.012185119974
"1882",239.037379130452
"1883",252.107879626742
"1884",267.636859454476
"1885",252.774591584322
"1886",252.513090839575
"1887",279.735854765251
"1888",247.467362312167
"1889",226.042601491388
"1890",228.004620183772
"1891",289.110568337872
"1892",264.13855307476
"1893",265.967107551077
"1894",257.036219569301
"1895",257.036219569301
"1896",268.026334589993
"1897",256.73569834727
"1898",206.187585043651
"1899",170.407627016825
"1900",229.542458253327
"1901",241.208804691717
"1902",239.182185360957
"1903",235.742634283906
"1904",264.622554016056
"1905",275.176356103422
"1906",246.241632566649
"1907",248.058450478678
"1908",265.638270391651
"1909",279.848683779206
"1910",287.115202802026
"1911",219.387938702736
"1912",213.314978948555
"1913",235.4644429695
"1914",238.148766554479
"1915",238.148766554479
"1916",238.879094091094
"1917",238.879094091094
"1918",238.879094091094
"1919",266.58672788194
"1920",265.054482408412
"1921",245.775076461754
"1922",226.330620566908
"1923",199.20590695554
"1924",207.132316708943
"1925",207.132316708943
"1926",213.800910055006
"1927",199.597474526011
"1928",197.278869575684
"1929",197.278869575684
"1930",194.323117852975
"1931",208.63240060189
"1932",190.401113554281
"1933",199.047353058457
"1934",191.194180081314
"1935",191.194180081314
"1936",191.194180081314
"1937",189.411757417286
"1938",189.342906998915
"1939",192.395870523978
"1940",172.701201656242
"1941",150.322971321518
"1942",158.560039706233
"1943",121.800054992525
"1944",121.800054992525
"1945",152.980956977671
"1946",150.346142100996
"1947",138.260155016356
"1948",138.260155016356
"1949",144.367446562673
"1950",144.367446562673
"1951",160.955179674466
"1952",160.955179674466
"1953",167.052621766838
"1954",167.011808081582
"1955",178.749469849253
"1956",178.749469849253
"1957",206.552774553629
"1958",173.727731829269
"1959",193.323662838021
"1960",188.185209389567
"1961",164.654128573096
"1962",219.07354172466
"1963",219.07354172466
"1964",231.449249080102
"1965",240.922756995081
"1966",252.619000254313
"1967",252.619000254313
"1968",218.240923867399
"1969",215.942620021591
"1970",206.984914852518
"1971",206.984914852518
"1972",206.984914852518
"1973",200.846643145827
"1974",191.173789694815
"1975",177.683870859743
"1976",198.682352850919
"1977",198.682352850919
"1978",190.172328667821
"1979",194.224158748022
"1980",192.549823330485
"1981",187.714740589469
"1982",184.915585628424
"1983",184.131732810677
"1984",204.854017297829
"1985",183.972546791812
"1986",183.970792168751
"1987",182.905478839617
"1988",177.012178546764
"1989",178.706663809709
"1990",169.451009434668
"1991",169.451009434668
"1992",163.212040829564
"1993",128.567697055413
"1994",164.270941777281
"1995",128.567697055413
"1996",159.847892594611
"1997",166.738369736208
"1998",174.313358803665
"1999",130.792834884667
"2000",130.981180776644
"2001",138.928732247341
"2002",126.73162416144
"2003",117.510997045622
"2004",115.37965373101
"2005",111.386885505764
"2006",105.727886779751
"2007",96.2931883546328
"2008",101.743179782095
"2009",106.679875732542
"2010",106.34729488992
"2011",94.2262286531264
"2012",105.677033872343
"2013",110.456950931636
"2014",111.100723125643
"2015",109.417975229909
"2016",109.417975229909
"2017",111.364043484465
"2018",116.325856039844
"2019",116.325856039844
"2020",129.482334682325
"2021",146.08601488661
"2022",165.022323111768
"2023",147.289158290446
"2024",149.83426583741
"2025",146.502247853534
"2026",143.961346417515
"2027",140.02800354856
"2028",130.022425783013
"2029",134.268138978401
"2030",139.125436919129
"2031",129.135242297015
"2032",129.135242297015
"2033",108.95815325656
"2034",141.055671367419
"2035",141.055671367419
"2036",141.538928944738
"2037",159.570572787622
"2038",150.101840161981
"2039",150.101840161981
"2040",151.800403766015
"2041",158.781652620163
"2042",165.920083565902
"2043",161.73330525106
"2044",165.517398048704
"2045",171.162910146721
"2046",178.379672157819
"2047",188.47505655886
"2048",172.982361312426
"2049",161.054602763567
"2050",156.233486678449
"2051",152.400987896234
"2052",147.015474871724
"2053",172.813521820303
"2054",172.813521820303
"2055",188.784324967359
"2056",192.893488397447
"2057",192.893488397447
"2058",188.78932680801
"2059",182.120685358209
"2060",182.120685358209
"2061",186.201369432741
"2062",183.564420408581
"2063",194.877982641724
"2064",198.783159962002
"2065",235.81581651136
"2066",225.001982987089
"2067",213.125364591029
"2068",187.867104770636
"2069",196.334096800785
"2070",211.356612693098
"2071",198.512618027655
"2072",194.670557295375
"2073",197.596764656601
"2074",187.173024514022
"2075",187.173024514022
"2076",207.528293347312
"2077",225.506220595842
"2078",213.249457153845
"2079",218.54563180285
"2080",192.043634873082
"2081",192.043634873082
"2082",177.614872802706
"2083",177.614872802706
"2084",185.70412864896
"2085",174.071589319393
"2086",200.191651434479
"2087",201.270717753643
"2088",218.638271581377
"2089",224.727205055159
"2090",224.727205055159
"2091",224.727205055159
"2092",224.727205055159
"2093",221.747428137279
"2094",205.842496479805
"2095",207.171172690985
"2096",207.171172690985
"2097",198.084538828443
"2098",189.181453844597
"2099",204.831805161445
"2100",190.687936902805
"2101",214.70675095303
"2102",223.631081319057
"2103",223.631081319057
"2104",223.631081319057
"2105",230.358508936812
"2106",171.59080318315
"2107",217.96971653856
"2108",217.96971653856
"2109",171.670716210212
"2110",169.932361472787
"2111",130.161645372224
"2112",170.269681078918
"2113",170.269681078918
"2114",160.200909194474
"2115",190.292368033399
"2116",190.292368033399
"2117",198.245895767184
"2118",173.485469306576
"2119",173.485469306576
"2120",176.495855192995
"2121",185.503253944008
"2122",176.147927256541
"2123",164.282213177683
"2124",190.562115428678
"2125",196.922575332071
"2126",206.203170582617
"2127",228.752194323637
"2128",214.346145458891
"2129",218.431984831875
"2130",218.431984831875
"2131",173.947263181654
"2132",207.619995219608
"2133",210.224358188702
"2134",210.224358188702
"2135",210.224358188702
"2136",223.783506575092
"2137",249.182763053406
"2138",195.320972092845
"2139",233.46449402758
"2140",254.266091014215
"2141",240.092029173624
"2142",200.937922099171
"2143",214.28834509619
"2144",220.600301621252
"2145",239.300622458843
"2146",253.395543627955
"2147",264.106159586617
"2148",264.106159586617
"2149",285.39019770267
"2150",285.39019770267
"2151",237.932986142028
"2152",220.750808215271
"2153",204.82533328904
"2154",181.239576742244
"2155",181.239576742244
"2156",184.361351913765
"2157",202.576714811758
"2158",187.85152080731
"2159",172.871596273614
"2160",148.170031200786
"2161",171.396853049692
"2162",171.396853049692
"2163",151.474595717506
"2164",154.895230175855
"2165",168.745677877246
"2166",168.745677877246
"2167",167.079251676021
"2168",167.079251676021
"2169",171.925900891544
"2170",145.890544635791
"2171",143.570459512788
"2172",143.570459512788
"2173",146.534278677987
"2174",133.993578069631
"2175",136.728873337654
"2176",135.043612475518
"2177",124.972804256295
"2178",135.043612475518
"2179",141.083607945876
"2180",150.957118588989
"2181",134.88175326901
"2182",144.06076979576
"2183",166.751815402289
"2184",168.439912436433
"2185",146.937715020506
"2186",126.116530609404
"2187",116.950529350003
"2188",116.950529350003
"2189",116.950529350003
"2190",141.99714791736
"2191",138.159475882618
"2192",132.93028051405
"2193",156.345827062018
"2194",189.445154460917
"2195",195.897275197525
"2196",195.897275197525
"2197",218.026763743722
"2198",234.744460781173
"2199",242.584009993625
"2200",223.473708659424
"2201",237.952854994904
"2202",257.539077741921
"2203",244.17745719491
"2204",263.651297796946
"2205",269.137187128319
"2206",293.377167244306
"2207",278.526836731624
"2208",307.653517855113
"2209",300.585038162551
"2210",300.585038162551
"2211",289.624400105773
"2212",282.066887862075
"2213",304.592532257673
"2214",278.781817555293
"2215",278.781817555293
"2216",375.756735156056
"2217",344.137114594906
"2218",359.509683715733
"2219",360.801543915528
"2220",326.861482979878
"2221",303.130038873881
"2222",279.821959095705
"2223",291.465376232248
"2224",288.734627983202
"2225",276.903589062675
"2226",276.903589062675
"2227",351.262668827659
"2228",311.752726103996
"2229",284.948787268016
"2230",263.865002097637
"2231",310.827299102962
"2232",284.177005159966
"2233",271.074615792997
"2234",255.273916561368
"2235",246.138288273061
"2236",254.230877936089
"2237",257.73105614065
"2238",247.215318067901
"2239",198.935246406958
"2240",270.501622113859
"2241",267.386468210859
"2242",253.765914225726
"2243",307.387664270372
"2244",307.430244707216
"2245",307.430244707216
"2246",307.238744167398
"2247",325.813544545347
"2248",308.675319533068
"2249",307.884818915502
"2250",285.814957880882
"2251",272.135335319516
"2252",321.632428007947
"2253",280.128574545888
"2254",263.34991292693
"2255",246.96614827812
"2256",253.764907838892
"2257",265.451207176361
"2258",255.322990568792
"2259",253.103988382865
"2260",236.282365342732
"2261",240.042629771507
"2262",241.597303936668
"2263",232.967160518541
"2264",230.742967766671
"2265",235.480220363411
"2266",237.12692936673
"2267",254.038523552995
"2268",237.72659616813
"2269",250.333228344184
"2270",263.887557138199
"2271",281.658244898172
"2272",281.658244898172
"2273",273.125868543142
"2274",247.194486050919
"2275",190.477044227007
"2276",190.477044227007
"2277",194.062331275394
"2278",176.328838373765
"2279",180.665106100265
"2280",174.965445113621
"2281",214.760512452825
"2282",224.170817254735
"2283",210.591694442314
"2284",254.043005879112
"2285",253.890274536581
"2286",246.469773899427
"2287",275.719726428935
"2288",283.481937022047
"2289",272.299152419584
"2290",274.729649529547
"2291",272.454523676707
"2292",260.541361643284
"2293",261.227182338737
"2294",220.815858032121
"2295",197.490443524202
"2296",229.463899591734
"2297",222.752682047735
"2298",221.255569848789
"2299",239.478581634638
"2300",239.478581634638
"2301",248.903419471805
"2302",241.019567667555
"2303",233.321873145966
"2304",233.321873145966
"2305",180.295495685458
"2306",170.25609442663
"2307",168.542223987843
"2308",190.199174963944
"2309",179.689760440558
"2310",179.689760440558
"2311",179.689760440558
"2312",185.89826584697
"2313",161.434423944344
"2314",148.087699458535
"2315",210.787208179881
"2316",222.123986736015
"2317",222.123986736015
"2318",240.190206903169
"2319",251.424700139216
"2320",277.704265572756
"2321",267.492982443106
"2322",267.492982443106
"2323",251.806822979659
"2324",265.503941534731
"2325",251.848330371684
"2326",254.814004946235
"2327",221.908191255979
"2328",246.394601240035
"2329",254.622066803583
"2330",252.114236229842
"2331",241.077066138069
"2332",246.956789116198
"2333",221.292433655514
"2334",242.2483411974
"2335",232.424193020905
"2336",249.770505834081
"2337",264.15411737198
"2338",277.90149936231
"2339",296.940030889969
"2340",305.161643513896
"2341",305.161643513896
"2342",297.87853420916
"2343",297.87853420916
"2344",283.471105420911
"2345",310.090164830717
"2346",310.090164830717
"2347",334.229367823295
"2348",332.430566223265
"2349",322.912961131685
"2350",314.294276558832
"2351",295.459104345623
"2352",299.943330233568
"2353",302.414269223592
"2354",301.763870575847
"2355",236.979092194531
"2356",236.979092194531
"2357",258.180192226869
"2358",239.97026144581
"2359",207.379323735942
"2360",270.46413724993
"2361",270.46413724993
"2362",296.802694166477
"2363",296.802694166477
"2364",296.802694166477
"2365",296.802694166477
"2366",285.681404070239
"2367",255.459853161484
"2368",245.524160901442
"2369",270.142900401172
"2370",270.142900401172
"2371",256.704547635041
"2372",250.329050487809
"2373",274.477054859265
"2374",299.79622070618
"2375",305.310743004325
"2376",301.620526413944
"2377",254.188363390893
"2378",220.769546227925
"2379",251.255593594617
"2380",297.674126902715
"2381",251.651888287526
"2382",275.25387521373
"2383",270.638443953272
"2384",281.041189949935
"2385",281.041189949935
"2386",274.687652113987
"2387",281.986273178567
"2388",266.570029184751
"2389",309.815892426988
"2390",305.780511063253
"2391",306.605428480317
"2392",320.044644296622
"2393",322.724682660175
"2394",322.220329847876
"2395",299.113637406946
"2396",287.496931988894
"2397",292.305190893771
"2398",319.508687576389
"2399",308.515853450854
"2400",322.744931122621
"2401",337.295175107554
"2402",337.295175107554
"2403",308.530214917578
"2404",300.629326516407
"2405",314.204870406744
"2406",318.632110782992
"2407",300.099922650814
"2408",292.749949552256
"2409",308.703432507569
"2410",308.703432507569
"2411",249.579416286127
"2412",249.579416286127
"2413",249.579416286127
"2414",232.848054225623
"2415",259.593296674763
"2416",260.678693324597
"2417",300.827422637543
"2418",280.3807812109
"2419",248.605730294085
"2420",264.095072733516
"2421",321.263318486811
"2422",313.151997702615
"2423",277.438174532664
"2424",260.751601877372
"2425",275.741390246768
"2426",245.003663398148
"2427",232.97979121065
"2428",199.189679037032
"2429",220.087567108858
"2430",220.087567108858
"2431",282.920736169617
"2432",264.673771969372
"2433",263.666045955172
"2434",247.595557132119
"2435",237.810889747112
"2436",211.450199568359
"2437",177.954885152796
"2438",189.956331278001
"2439",184.520132035739
"2440",191.962213966503
"2441",196.495678446962
"2442",174.586315225366
"2443",186.460239446978
"2444",186.460239446978
"2445",177.936535047257
"2446",178.945004116235
"2447",178.945004116235
"2448",178.945004116235
"2449",176.117719736582
"2450",146.421493899156
"2451",165.243081668542
"2452",146.421493899156
"2453",194.834756360682
"2454",177.885013425406
"2455",183.600996759458
"2456",227.012688180967
"2457",227.012688180967
"2458",237.567102428808
"2459",255.400131383841
"2460",255.688745881549
"2461",225.110325631551
"2462",217.03966642787
"2463",224.722185480991
"2464",242.60641658324
"2465",295.030434442625
"2466",290.320513024925
"2467",264.152025935087
"2468",250.192893975792
"2469",261.482653155625
"2470",249.436214974894
"2471",217.36471713715
"2472",246.172823128396
"2473",252.33485733205
"2474",247.688104420518
"2475",254.797694179167
"2476",251.255828710414
"2477",236.899417650893
"2478",222.445947030779
"2479",212.866628082509
"2480",227.455162672763
"2481",261.297916825177
"2482",256.15795987563
"2483",210.078736031014
"2484",212.387650507079
"2485",209.797333123849
"2486",177.494740808903
"2487",204.953431940929
"2488",194.815095578223
"2489",228.020276475835
"2490",215.038648622902
"2491",236.717766842151
"2492",245.848484554973
"2493",245.848484554973
"2494",220.799267904841
"2495",203.974056319854
"2496",226.525026418114
"2497",226.525026418114
"2498",226.525026418114
"2499",217.78508694752
"2500",206.925627260182
"2501",224.153760991896
"2502",224.153760991896
"2503",189.098416680377
"2504",179.639141498214
"2505",195.863666996345
"2506",243.360241741726
"2507",243.360241741726
"2508",242.512512524829
"2509",242.993389622709
"2510",284.756014214454
"2511",264.37770322914
"2512",256.01246911954
"2513",255.115840915034
"2514",259.651398137304
"2515",278.576238812974
"2516",265.308634452811
"2517",231.308083833141
"2518",243.557865146866
"2519",273.465379774565
"2520",222.678639575881
"2521",203.362221344181
"2522",212.731424023229
"2523",258.270103589949
"2524",224.034148071079
"2525",235.447472487813
"2526",247.843507400457
"2527",262.599864346177
"2528",252.971675881887
"2529",222.265858057731
"2530",205.553099745598
"2531",205.553099745598
"2532",202.860952578777
"2533",202.860952578777
"2534",201.971337473684
"2535",232.853337093559
"2536",281.162514195359
"2537",273.752967394474
"2538",260.190973729728
"2539",278.422020728809
"2540",278.422020728809
"2541",286.978965153929
"2542",258.838110660671
"2543",283.313168659961
"2544",269.653687735784
"2545",220.151992745447
"2546",213.191783697991
"2547",270.704344598882
"2548",270.704344598882
"2549",281.395500942277
"2550",292.900157358267
"2551",320.485760103261
"2552",320.485760103261
"2553",299.210319049464
"2554",286.696448259032
"2555",286.696448259032
"2556",313.044900198251
"2557",321.410883451885
"2558",293.669632707009
"2559",301.419982244886
"2560",321.755737360905
"2561",301.490202562902
"2562",301.490202562902
"2563",280.252665697755
"2564",241.358877941406
"2565",225.823045940931
"2566",225.823045940931
"2567",238.923775824593
"2568",230.565882090364
"2569",230.565882090364
"2570",232.28182517254
"2571",215.045537898042
"2572",196.514067693741
"2573",194.838221188704
"2574",194.838221188704
"2575",196.328101539599
"2576",182.97402668409
"2577",194.603813350082
"2578",205.235757068619
"2579",217.06827405739
"2580",199.189471451485
"2581",202.040936710438
"2582",200.690429148628
"2583",198.458436447614
"2584",197.021927309813
"2585",197.656341885188
"2586",212.220618666827
"2587",214.458063883884
"2588",208.847897868198
"2589",208.847897868198
"2590",181.515927651028
"2591",223.207409598565
"2592",256.182122391436
"2593",238.30299926847
"2594",241.928152952918
"2595",256.126585444097
"2596",248.834926830427
"2597",243.014735397577
"2598",244.007612859486
"2599",214.253942425345
"2600",245.369329219341
"2601",338.92890781892
"2602",311.009763577146
"2603",287.674538744844
"2604",290.531294388871
"2605",281.937186082512
"2606",255.135018019659
"2607",264.424900071632
"2608",234.513294638398
"2609",210.803911823342
"2610",222.439604841567
"2611",237.079129372651
"2612",243.470916883292
"2613",238.965436113458
"2614",224.417109858665
"2615",198.346466591398
"2616",180.342639931143
"2617",188.885444357015
"2618",183.56658142852
"2619",155.045078596379
"2620",250.800212842002
"2621",272.130093985623
"2622",294.744948752545
"2623",278.10339436076
"2624",293.459560315744
"2625",256.876581888633
"2626",259.30307669745
"2627",282.100077153719
"2628",264.030612753232
"2629",264.030612753232
"2630",249.148457282116
"2631",220.890070647551
"2632",172.346245113673
"2633",217.342193525178
"2634",205.673234969921
"2635",204.816031711521
"2636",206.177303721536
"2637",243.841621736169
"2638",191.416690195921
"2639",204.581535332506
"2640",187.985278988237
"2641",231.205663210725
"2642",256.986092725569
"2643",189.923548798935
"2644",215.906549722291
"2645",222.900972017076
"2646",242.160573017066
"2647",205.376302450801
"2648",134.260966938345
"2649",215.193896982501
"2650",216.090793019311
"2651",241.469011078375
"2652",205.414862711583
"2653",200.998779176715
"2654",166.543547595307
"2655",176.234728386116
"2656",172.70441354633
"2657",198.359295202487
"2658",210.869924965482
"2659",236.459342701104
"2660",226.920821680352
"2661",239.097037716197
"2662",231.217634593795
"2663",233.145881429638
"2664",254.75056568241
"2665",264.638085044624
"2666",230.868884851011
"2667",243.387334235174
"2668",210.377310163301
"2669",216.354601384853
"2670",256.146154124825
"2671",251.219721436882
"2672",261.98362531417
"2673",277.352305080008
"2674",277.352305080008
"2675",277.352305080008
"2676",299.133698561435
"2677",280.009219710155
"2678",260.139790732755
"2679",260.441643001398
"2680",265.998107163831
"2681",250.832328393502
"2682",239.09151317771
"2683",256.135289713289
"2684",271.651727449396
"2685",260.466902587636
"2686",249.141541207235
"2687",253.375749858638
"2688",277.784364825231
"2689",246.463725721383
"2690",246.463725721383
"2691",248.315067180267
"2692",248.315067180267
"2693",248.315067180267
"2694",252.92618255674
"2695",281.229830773642
"2696",269.163165456385
"2697",292.949899604031
"2698",333.063339659283
"2699",351.617919501704
"2700",270.30627682826
"2701",280.424553425638
"2702",250.028568083632
"2703",294.719009354765
"2704",294.719009354765
"2705",229.054084927054
"2706",277.496273840447
"2707",277.496273840447
"2708",464.415578929466
"2709",381.599582673349
"2710",296.886618440712
"2711",242.845399901145
"2712",254.164228226461
"2713",254.164228226461
"2714",254.164228226461
"2715",324.710602229582
"2716",324.710602229582
"2717",274.482661662126
"2718",211.368878323399
"2719",155.487505754354
"2720",155.487505754354
"2721",121.665056196679
"2722",121.665056196679
"2723",157.202686960302
"2724",157.202686960302
"2725",131.067229168893
"2726",144.258495426293
"2727",147.418353872715
"2728",145.103384229724
"2729",145.103384229724
"2730",145.103384229724
"2731",141.722710943423
"2732",218.629921459997
"2733",238.530454210416
"2734",235.50763480475
"2735",235.50763480475
"2736",242.105653189052
"2737",242.105653189052
"2738",235.547403126146
"2739",232.349620313244
"2740",211.685650308356
"2741",208.186652648534
"2742",220.740238014261
"2743",220.740238014261
"2744",185.526912946719
"2745",189.988766315098
"2746",178.135326584922
"2747",135.443694315237
"2748",128.479532392293
